Date,Time,SubjectCode,Group,Room,StudentIDRange
2025-10-20,09:00-12:00,01403117-65,700,LH 3-301,6820500491-6820502613
2025-10-20,09:00-12:00,01403117-65,700,LH 2-301,6820502621-6820504063
2025-10-20,09:00-12:00,01403117-65,701,LH 2-302,6520502791-6820501404
2025-10-20,09:00-12:00,01403117-65,701,LH 2-303,6820501412-6820503466
2025-10-20,09:00-12:00,01403117-65,702,LH 2-304,6520502944-6820504284
2025-10-20,09:00-12:00,01403117-65,702,LH 3-209,6820504292-6821609471
2025-10-20,09:00-12:00,01403117-65,820,LH 4-503,
2025-10-20,09:00-12:00,01403117-65,845,LH 4-503,6320550490-6820550413
2025-10-20,09:00-12:00,01403117-65,845,LH 3-210,6820550430-6820550871
2025-10-20,09:00-12:00,02731111-65,700,LH 3-303,6520601446-6820602979
2025-10-20,09:00-12:00,02731111-65,700,LH 3-304,6820602987-6821607231
2025-10-20,09:00-12:00,01358103-67,700,LH 4-502,
2025-10-20,09:00-12:00,01358103-67,702,LH 4-502,
2025-10-20,09:00-12:00,01358103-67,701,LH 4-201,
2025-10-20,09:00-12:00,01358103-67,809,LH 4-201,
2025-10-20,09:00-12:00,01358103-67,810,LH 4-201,
2025-10-20,09:00-12:00,01416311-65,700,LH 4-305,6320102799-6620200460
2025-10-20,09:00-12:00,01416311-65,700,LH 4-306,6620200478-6720101633
2025-10-20,09:00-12:00,01416311-65,701,LH 4-306,6320200065-6721604728
2025-10-20,09:00-12:00,01416311-65,701,LH 4-202,6721604744-6820105291
2025-10-20,13:00-15:00,02029211-66,700,LH 4-305,
2025-10-20,13:00-15:00,02029211-61,700,LH 4-305,
2025-10-20,13:00-15:00,01361101-67,700,KH 80-202,6521800515-6621806582
2025-10-20,13:00-15:00,01361101-67,700,KH 80-203,6621806591-6621807457
2025-10-20,13:00-15:00,01361101-67,701,KH 80-203,6420501393-6821601216
2025-10-20,13:00-15:00,01361101-67,701,KH 80-205,6821601224-6821601631
2025-10-20,13:00-15:00,01361101-67,702,KH 80-205,6521800728-6821607559
2025-10-20,13:00-15:00,01361101-67,702,KH 80-206,6821607575-6821608172
2025-10-20,13:00-15:00,01361101-67,855,KH 80-206,
2025-10-20,13:00-15:00,01361101-67,800,KH 80-207,
2025-10-20,13:00-15:00,01361101-67,876,KH 80-208,
2025-10-20,13:00-16:00,01403111-65,701,LH 2-301,6621605609-6820103328
2025-10-20,13:00-16:00,01403111-65,701,LH 2-302,6820103344-6820104669
2025-10-20,13:00-16:00,01403111-65,701,LH 2-303,6820104677-6821604932
2025-10-20,13:00-16:00,01403111-65,701,LH 2-304,6821604941-6821605751
2025-10-20,13:00-16:00,01403111-65,702,LH 2-201,6620103511-6820102640
2025-10-20,13:00-16:00,01403111-65,702,LH 2-202,6820102658-6820104758
2025-10-20,13:00-16:00,01403111-65,702,LH 4-306,6820104766-6820106084
2025-10-20,13:00-16:00,01403111-65,703,LH 3-302,6720102435-6820200153
2025-10-20,13:00-16:00,01403111-65,703,LH 4-304,6820200161-6820200943
2025-10-20,13:00-16:00,01403111-65,703,LH 3-211,6820200951-6821602361
2025-10-20,13:00-16:00,01403111-60,700,LH 3-301,6420102413-6820101147
2025-10-20,13:00-16:00,01403111-60,700,LH 3-303,6820101155-6820600259
2025-10-20,13:00-16:00,01403111-60,700,LH 3-304,6820600267-6820600992
2025-10-20,13:00-16:00,03600012-67,700,LH 3-305,
2025-10-20,13:00-16:00,01423113-66 (LECT),700,LH 4-201,6520100943-6721601915
2025-10-20,13:00-16:00,01423113-66 (LECT),700,LH 4-202,6721601923-6820603924
2025-10-20,13:00-16:00,02036281-66 (LAB),711,ก 3130,
2025-10-20,13:00-16:00,02036281-66 (LAB),712,ก 3130,
2025-10-20,13:00-16:00,02036281-66 (LAB),714,ก 3130,
2025-10-20,13:00-16:00,02036281-66 (LAB),713,ก 3131,
2025-10-20,13:00-16:00,02036281-66 (LAB),715,ก 3131,
2025-10-20,13:00-16:00,02036281-66 (LAB),716,ก 3131,
2025-10-20,16:30-18:30,02999044-67,700,LH 4-305,6420101719-6820601719
2025-10-20,16:30-18:30,02999044-67,700,LH 4-306,6820601727-6820603916
2025-10-20,16:30-18:30,02999044-67,701,LH 4-301,6121607874-6720602306
2025-10-20,16:30-18:30,02999044-67,701,LH 4-302,6720602314-6721604043
2025-10-20,16:30-18:30,02999044-67,701,LH 4-303,6721604345-6721806037
2025-10-20,16:30-18:30,02999044-67,701,LH 4-304,6721806045-6721806801
2025-10-20,16:30-19:00,01403113-65,700,LH 2-301,6621604980-6821603006
2025-10-20,16:30-19:00,01403113-65,700,LH 2-302,6821603014-6821609390
2025-10-20,16:30-19:30,01131211-65,700,LH 3-301,
2025-10-20,16:30-19:30,01131211-65,702,LH 3-301,
2025-10-20,16:30-19:30,01131211-65,701,LH 3-302,
2025-10-20,16:30-19:30,01131211-65,826,LH 3-302,
2025-10-20,16:30-19:30,01131211-65,815,LH 4-201,6421653286-6721653290
2025-10-20,16:30-19:30,01131211-65,815,LH 4-202,6721653311-6721656426
2025-10-20,16:30-19:30,01131211-65,825,LH 3-211,
2025-10-21,09:00-11:00,01999021-67,700,LH 2-301,6520100561-6720600141
2025-10-21,09:00-11:00,01999021-67,700,LH 2-302,6720600184-6721603233
2025-10-21,09:00-11:00,01999021-67,700,LH 2-303,6721603241-6821803374
2025-10-21,09:00-11:00,01999021-67,700,LH 2-304,6821803382-6821804338
2025-10-21,09:00-11:00,01999021-67,701,LH 2-201,6420600413-6820101988
2025-10-21,09:00-11:00,01999021-67,701,LH 2-202,6820101996-6820104154
2025-10-21,09:00-11:00,01999021-67,701,LH 3-303,6820104201-6820105738
2025-10-21,09:00-11:00,01999021-67,701,LH 3-301,6820105746-6820502338
2025-10-21,09:00-12:00,01420117-66,700,KH 80-202,6721500248-6821500738
2025-10-21,09:00-12:00,01420117-66,700,KH 80-203,6821500746-6821602255
2025-10-21,09:00-12:00,01420117-66,700,KH 80-205,6821602263-6821603472
2025-10-21,09:00-12:00,01420117-66,700,KH 80-206,6821603481-6821605114
2025-10-21,09:00-12:00,01420117-66,700,KH 80-207,6821605122-6821609331
2025-10-21,09:00-12:00,01420119-66,700,LH 3-304,6420102588-6820200633
2025-10-21,09:00-12:00,01420119-66,700,LH 3-209,6820200641-6820201125
2025-10-21,09:00-12:00,01420119-66,701,LH 3-211,6320102586-6820100027
2025-10-21,09:00-12:00,01420119-66,701,LH 3-210,6820100035-6820105509
2025-10-21,13:00-15:00,01402312-65,711,LH 3-301,
2025-10-21,13:00-15:00,01402312-65,712,LH 3-301,
2025-10-21,13:00-15:00,01402312-65,715,LH 3-301,
2025-10-21,13:00-15:00,01402312-65,713,LH 3-211,
2025-10-21,13:00-15:00,01402312-65,714,LH 3-211,
2025-10-21,13:00-15:00,01402312-65,716,LH 3-211,
2025-10-21,13:00-15:00,01402312-65,717,LH 3-211,
2025-10-21,13:00-15:00,01402312-65,719,LH 3-211,
2025-10-21,13:00-15:00,01402312-65,718,LH 3-303,
2025-10-21,13:00-15:00,01402312-65,721,LH 3-303,
2025-10-21,13:00-15:00,01999011-67,700,KH 80-202,6220502582-6820102950
2025-10-21,13:00-15:00,01999011-67,700,KH 80-203,6820102968-6820104065
2025-10-21,13:00-15:00,01999011-67,700,KH 80-205,6820104073-6820105401
2025-10-21,13:00-15:00,01999011-67,700,KH 80-206,6820105428-6821809241
2025-10-21,13:00-15:00,01387102-67,700,LH 4-201,6220502400-6720104519
2025-10-21,13:00-15:00,01387102-67,700,LH 4-202,6720105221-6821607419
2025-10-21,13:00-15:00,01387102-67,700,LH 4-305,6821607427-6821608172
2025-10-21,13:00-15:00,01387102-67,701,LH 3-302,
2025-10-21,13:00-15:00,01387102-67,820,LH 3-302,
2025-10-21,13:00-15:00,01387102-67,855,LH 4-306,6621850581-6721853931
2025-10-21,13:00-15:00,01387102-67,855,LH 2-201,6721853949-6721855119
2025-10-21,13:00-15:00,01387102-67,855,LH 2-202,6721855127-6721858681
2025-10-21,13:00-16:00,02731141-65,700,KH 80-207,6621602928-6820602855
2025-10-21,13:00-16:00,02731141-65,700,KH 80-208,6820602863-6821607231
2025-10-21,13:00-16:00,03753111-00,700,LH 4-303,
2025-10-21,13:00-16:00,03753111-00,866,LH 4-304,6521651986-6821655545
2025-10-21,13:00-16:00,03753111-00,866,LH 4-503,6821655553-6821656029
2025-10-21,16:30-18:30,02036281-66 (LECT),700,KH 80-207,6420102022-6620102361
2025-10-21,16:30-18:30,02036281-66 (LECT),700,KH 80-208,6620102379-6620602703
2025-10-21,16:30-18:30,01999141-67,700,LH 4-503,
2025-10-21,16:30-18:30,01999141-67,701,LH 4-305,6420101701-6721500558
2025-10-21,16:30-18:30,01999141-67,701,LH 4-306,6721500566-6721803411
2025-10-21,16:30-18:30,01999141-67,890,LH 3-303,6220550447-6721654601
2025-10-21,16:30-18:30,01999141-67,890,LH 3-304,6721654610-6821854017
2025-10-21,16:30-18:30,01999141-67,890,LH 3-305,6821854025-6821855170
2025-10-21,16:30-18:30,02036222-66,700,LH 4-201,6620101461-6720103261
2025-10-21,16:30-18:30,02036222-66,700,LH 4-202,6720103270-6820105291
2025-10-21,16:30-19:30,02739111-64,700,LH 3-301,
2025-10-21,16:30-19:30,02739111-64,820,LH 3-302,
2025-10-21,16:30-19:30,01362101-67,700,KH 80-202,
2025-10-21,16:30-19:30,01362101-67,701,KH 80-202,
2025-10-21,16:30-19:30,01362101-67,702,KH 80-203,
2025-10-21,16:30-19:30,01362101-67,703,KH 80-203,
2025-10-21,16:30-19:30,01362101-67,809,KH 80-205,
2025-10-21,16:30-19:30,01362101-67,810,KH 80-205,
2025-10-21,16:30-19:30,01362101-67,811,KH 80-205,
2025-10-22,09:00-11:00,02717011-67,700,LH 4-305,6320501324-6721806959
2025-10-22,09:00-11:00,02717011-67,700,LH 4-306,6721806967-6721808048
2025-10-22,09:00-11:00,02717011-67,701,LH 4-201,6420500532-6820600551
2025-10-22,09:00-11:00,02717011-67,701,LH 4-503,6820600569-6820600992
2025-10-22,09:00-11:00,02717011-67,866,LH 3-301,
2025-10-22,09:00-12:00,01422111-65,700,LH 2-201,6320100338-6720101072
2025-10-22,09:00-12:00,01422111-65,700,LH 2-202,6720101781-6721608782
2025-10-22,09:00-12:00,01422111-65,701,LH 2-301,
2025-10-22,09:00-12:00,01422111-65,800,LH 2-301,
2025-10-22,09:00-12:00,01422111-65,702,LH 2-302,6420100364-6720101323
2025-10-22,09:00-12:00,01422111-65,702,LH 2-303,6720101331-6720200909
2025-10-22,09:00-12:00,02029212-66,711,LH 2-203,
2025-10-22,09:00-12:00,02029212-66,714,LH 2-203,
2025-10-22,09:00-12:00,02029212-61,712,LH 2-204,
2025-10-22,09:00-12:00,02029212-61,713,LH 2-204,
2025-10-22,13:00-15:00,02999147,700,LH 3-305,6120501941-6720600311
2025-10-22,13:00-15:00,02999147,700,LH 3-209,6720600320-6720603817
2025-10-22,13:00-15:00,02036221-66,700,LH 3-302,
2025-10-22,13:00-15:00,01459101-67,700,LH 2-301,6521804316-6721803208
2025-10-22,13:00-15:00,01459101-67,700,LH 2-302,6721803216-6821809810
2025-10-22,13:00-15:00,01459101-67,700,LH 2-303,6821809828-6821810737
2025-10-22,13:00-15:00,01459101-67,701,LH 4-305,6320503238-6820603061
2025-10-22,13:00-15:00,01459101-67,701,LH 4-306,6821603561-6821609420
2025-10-22,13:00-15:00,01459101-67,701,LH 4-201,6821609446-6821805075
2025-10-22,13:00-15:00,01459101-67,701,LH 4-202,6821805083-6821805806
2025-10-22,13:00-15:00,01459101-67,878,LH 3-303,6821862354-6821863105
2025-10-22,13:00-15:00,01459101-67,878,LH 3-304,6821863113-6821863831
2025-10-22,13:00-15:00,01459101-67,880,LH 4-503,6821855188-6821855757
2025-10-22,13:00-15:00,01459101-67,880,LH 4-502,6821855765-6821856354
2025-10-22,13:00-15:00,02036312-66,700,LH 4-103,6720100076-6720104233
2025-10-22,13:00-15:00,02036312-66,700,LH 4-104,6720104292-6720106180
2025-10-22,13:00-15:30,01132111-65,700,LH 4-302,
2025-10-22,13:00-15:30,01132111-65,701,LH 3-301,
2025-10-22,13:00-15:30,01132111-65,815,LH 4-303,6621650809-6821653364
2025-10-22,13:00-15:30,01132111-65,815,LH 4-304,6821653372-6821656533
2025-10-22,13:00-15:30,01132111-65,825,LH 3-211,6521651897-6821654492
2025-10-22,13:00-15:30,01132111-65,825,LH 3-210,6821654506-6821654964
2025-10-22,13:00-16:00,02731262-65,700,LH 2-203,
2025-10-22,16:30-18:30,01403231-65,700,LH 3-304,6521500023-6621602146
2025-10-22,16:30-18:30,01403231-65,700,LH 3-305,6621602154-6621605790
2025-10-22,16:30-18:30,01403231-60,700,LH 3-305,
2025-10-23,09:00-11:30,01101101-67,809,KH 80-202,6821650012-6821650641
2025-10-23,09:00-11:30,01101101-67,809,KH 80-203,6821650659-6821656240
2025-10-23,09:00-11:30,01101101-67,882,KH 80-205,6721850478-6821854408
2025-10-23,09:00-11:30,01101101-67,882,KH 80-206,6821854416-6821855170
2025-10-23,09:00-12:00,01417111-65,700,LH 2-301,
2025-10-23,09:00-12:00,01417111-65,701,LH 2-302,6320200065-6721605163
2025-10-23,09:00-12:00,01417111-65,701,LH 2-303,6721605171-6821609322
2025-10-23,09:00-12:00,01417111-65,702,LH 2-304,6420100011-6820100451
2025-10-23,09:00-12:00,01417111-65,702,LH 2-201,6820100477-6821601631
2025-10-23,09:00-12:00,01417111-65,703,LH 2-202,6420200032-6821602310
2025-10-23,09:00-12:00,01417111-65,703,LH 3-303,6821602328-6821609331
2025-10-23,09:00-12:00,01417111-65,704,LH 3-304,6420200016-6821500321
2025-10-23,09:00-12:00,01417111-65,704,LH 3-209,6821500339-6821500819
2025-10-23,09:00-12:00,01417111-65,800,LH 3-305,6521650181-6821651442
2025-10-23,09:00-12:00,01417111-65,800,LH 3-210,6821651451-6821651922
2025-10-23,09:00-12:00,01417111-65,820,LH 3-211,6521650793-6821652473
2025-10-23,09:00-12:00,01417111-65,820,LH 2-203,6821652481-6821656398
2025-10-23,09:00-12:00,02731211-65,700,LH 3-302,
2025-10-23,13:00-15:00,02028321-66,700,LH 4-502,
2025-10-23,13:00-15:00,01403232-65,711,LH 4-604,
2025-10-23,13:00-15:00,01999033-67,700,LH 2-301,6420104505-6621802145
2025-10-23,13:00-15:00,01999033-67,700,LH 2-302,6621803770-6721601745
2025-10-23,13:00-15:00,01999033-67,700,LH 2-303,6721601940-6820101571
2025-10-23,13:00-15:00,01999033-67,701,LH 3-302,6220501209-6720603337
2025-10-23,13:00-15:00,01999033-67,701,LH 4-503,6720603353-6721803925
2025-10-23,13:00-15:00,01999033-67,701,LH 2-203,6721803941-6820105975
2025-10-23,13:00-15:00,01999033-67,702,LH 2-304,6220100409-6720200232
2025-10-23,13:00-15:00,01999033-67,702,LH 2-201,6720200313-6821604886
2025-10-23,13:00-15:00,01999033-67,702,LH 2-202,6821604894-6821605751
2025-10-23,13:00-15:00,01999033-67,890,LH 3-304,6420550823-6521654969
2025-10-23,13:00-15:00,01999033-67,890,LH 3-305,6521654977-6720550187
2025-10-23,13:00-16:00,01419214-65,711,LH 4-201,
2025-10-23,13:00-16:00,01419214-65,712,LH 4-201,
2025-10-23,13:00-16:00,01419214-65,714,LH 4-201,
2025-10-23,13:00-16:00,01419214-65,713,LH 4-202,
2025-10-23,13:00-16:00,01419214-65,715,LH 4-202,
2025-10-23,13:00-16:00,01419214-65,717,LH 4-202,
2025-10-23,13:00-16:00,01419214-65,719,LH 4-202,
2025-10-23,13:00-16:00,01419214-65,718,LH 4-305,
2025-10-23,13:00-16:00,01419214-65,720,LH 4-305,
2025-10-23,13:00-16:00,01419214-65,721,LH 4-305,
2025-10-23,13:00-16:00,01419214-65,722,LH 4-304,
2025-10-23,13:00-16:00,01419214-65,724,LH 4-304,
2025-10-23,13:00-16:00,01419214-65,723,LH 4-306,
2025-10-23,13:00-16:00,01419214-65,725,LH 4-306,
2025-10-23,13:00-16:00,01419214-65,726,LH 4-306,
2025-10-23,13:00-16:00,01417267-65,700,LH 3-211,6420500079-6720501739
2025-10-23,13:00-16:00,01417267-65,700,LH 3-301,6720501747-6720503006
2025-10-23,13:00-16:00,01417267-65,845,LH 3-301,
2025-10-23,16:30-19:30,01417167-65,700,LH 3-303,6620500536-6820500921
2025-10-23,16:30-19:30,01417167-65,700,LH 3-304,6820500939-6820502338
2025-10-23,16:30-19:30,01417167-65,701,LH 3-301,6520503606-6820501421
2025-10-23,16:30-19:30,01417167-65,701,LH 3-302,6820501439-6820502907
2025-10-23,16:30-19:30,01417167-65,702,LH 3-211,6620502008-6820503628
2025-10-23,16:30-19:30,01417167-65,702,LH 2-202,6820503636-6820504063
2025-10-23,16:30-19:30,01417167-65,845,LH 2-202,6520550264-6820550197
2025-10-23,16:30-19:30,01417167-65,845,LH 3-305,6820550201-6820550871
2025-10-23,16:30-19:30,03760111-64,700,LH 4-305,
2025-10-23,16:30-19:30,03760111-64,866,LH 4-306,
2025-10-23,16:30-19:30,03760111-64,867,LH 4-503,
2025-10-23,16:30-19:30,01130171-64,700,LH 2-201,
2025-10-23,16:30-19:30,01130171-64,701,LH 2-301,
2025-10-23,16:30-19:30,01130171-64,815,LH 2-302,6721652901-6821653542
2025-10-23,16:30-19:30,01130171-64,815,LH 2-303,6821653551-6821656533
2025-10-23,16:30-19:30,01130171-64,825,LH 2-303,6421654371-6821654174
2025-10-23,16:30-19:30,01130171-64,825,LH 2-304,6821654182-6821654964
2025-10-24,09:00-11:00,01401114-66 (LECT),700,LH 4-101,6420104637-6720103555
2025-10-24,09:00-11:00,01401114-66 (LECT),700,LH 4-102,6720103571-6720105736
2025-10-24,09:00-11:00,01401114-66 (LECT),700,LH 4-103,6720105744-6820105835
2025-10-24,09:00-11:00,01401114-66 (LECT),701,LH 4-104,6420104718-6720104713
2025-10-24,09:00-11:00,01401114-66 (LECT),701,LH 4-502,6720104756-6820105690
2025-10-24,09:00-11:00,02036241-66 (LECT),700,LH 4-202,6520101401-6620600085
2025-10-24,09:00-11:00,02036241-66 (LECT),700,LH 4-503,6620600140-6820105291
2025-10-24,09:00-12:00,01420111-66,700,LH 3-301,6820500491-6820502001
2025-10-24,09:00-12:00,01420111-66,700,LH 2-301,6820502010-6820504063
2025-10-24,09:00-12:00,01420111-66,701,LH 3-302,
2025-10-24,09:00-12:00,01420111-66,702,LH 2-302,6820500017-6820501242
2025-10-24,09:00-12:00,01420111-66,702,LH 2-303,6820501251-6820503466
2025-10-24,09:00-12:00,01420111-66,846,LH 2-304,
2025-10-24,09:00-12:00,02731231-65,700,LH 2-201,
2025-10-24,13:00-15:00,01403112-65,711,LH 4-201,
2025-10-24,13:00-15:00,01403112-65,712,LH 4-201,
2025-10-24,13:00-15:00,01403112-65,713,LH 4-202,
2025-10-24,13:00-15:00,01403112-65,714,LH 4-202,
2025-10-24,13:00-15:00,01403112-65,717,LH 2-301,
2025-10-24,13:00-15:00,01403112-65,721,LH 2-301,
2025-10-24,13:00-15:00,01403112-65,718,LH 2-302,
2025-10-24,13:00-15:00,01403112-65,722,LH 2-302,
2025-10-24,13:00-15:00,01403112-65,719,LH 3-301,
2025-10-24,13:00-15:00,01403112-65,720,LH 3-301,
2025-10-24,13:00-15:00,01403112-65,715,LH 2-303,
2025-10-24,13:00-15:00,01403112-65,716,LH 2-303,
2025-10-24,13:00-15:00,01403112-65,725,LH 3-302,
2025-10-24,13:00-15:00,01403112-65,726,LH 3-302,
2025-10-24,13:00-15:00,01403112-65,728,LH 2-304,
2025-10-24,13:00-15:00,01403112-65,731,LH 2-304,
2025-10-24,13:00-15:00,01403112-65,723,LH 2-203,
2025-10-24,13:00-15:00,01403112-65,724,LH 2-204,
2025-10-24,13:00-15:00,01403112-65,729,LH 3-209,
2025-10-24,13:00-15:00,01403112-65,730,LH 3-210,
2025-10-24,13:00-15:00,01403112-65,727,LH 4-503,
2025-10-24,13:00-15:00,01387101-64,700,LH 3-303,6320501189-6720600648
2025-10-24,13:00-15:00,01387101-64,700,LH 3-304,6720600745-6821602859
2025-10-24,13:00-15:00,01387101-64,700,LH 3-305,6821602867-6821609322
2025-10-24,13:00-15:00,01387101-64,701,LH 4-305,6420104629-6721601443
2025-10-24,13:00-15:00,01387101-64,701,LH 4-306,6721601451-6821604525
2025-10-24,13:00-15:00,01387101-64,800,LH 4-303,
2025-10-24,13:00-15:00,01387101-64,815,LH 3-211,6721653249-6821653577
2025-10-24,13:00-15:00,01387101-64,815,LH 2-205,6821653585-6821656533
2025-10-24,13:00-15:00,01387101-64,820,LH 4-304,6621656084-6821652562
2025-10-24,13:00-15:00,01387101-64,820,LH 4-502,6821652571-6821656398
2025-10-24,13:00-16:00,02731341-65,700,LH 2-201,
2025-10-24,15:30-16:30,02036241-66 (LAB),711,LH 3-304,
2025-10-24,15:30-16:30,02036241-66 (LAB),712,LH 3-304,
2025-10-24,15:30-16:30,02036241-66 (LAB),713,LH 3-305,
2025-10-24,15:30-16:30,02036241-66 (LAB),714,LH 3-305,
2025-10-24,15:30-16:30,01401114-66 (LAB),711,LH 3-211,
2025-10-24,15:30-16:30,01401114-66 (LAB),712,LH 3-211,
2025-10-24,15:30-16:30,01401114-66 (LAB),714,LH 3-211,
2025-10-24,15:30-16:30,01401114-66 (LAB),713,LH 3-303,
2025-10-24,15:30-16:30,01401114-66 (LAB),715,LH 3-303,
2025-10-24,15:30-16:30,01401114-66 (LAB),716,LH 3-303,
2025-10-24,15:30-16:30,01401114-66 (LAB),717,LH 3-301,
2025-10-24,15:30-16:30,01401114-66 (LAB),718,LH 3-301,
2025-10-24,15:30-16:30,01401114-66 (LAB),719,LH 3-301,
2025-10-24,15:30-16:30,01401114-66 (LAB),720,LH 3-302,
2025-10-24,15:30-16:30,01401114-66 (LAB),721,LH 3-302,
2025-10-24,15:30-16:30,01401114-66 (LAB),722,LH 3-302,
2025-10-24,16:30-18:30,01423113-66 (LAB),711,LH 4-201,
2025-10-24,16:30-18:30,01423113-66 (LAB),712,LH 4-201,
2025-10-24,16:30-18:30,01423113-66 (LAB),715,LH 4-201,
2025-10-24,16:30-18:30,01423113-66 (LAB),716,LH 4-201,
2025-10-24,16:30-18:30,01423113-66 (LAB),717,LH 4-202,
2025-10-24,16:30-18:30,01423113-66 (LAB),719,LH 4-202,
2025-10-24,16:30-18:30,01423113-66 (LAB),720,LH 4-202,
2025-10-24,16:30-18:30,01423113-66 (LAB),721,LH 4-202,
2025-10-24,16:30-18:30,01423113-66 (LAB),722,LH 4-202,
2025-10-24,16:30-19:30,01999031-67,700,LH 4-302,6320500352-6821600490
2025-10-24,16:30-19:30,01999031-67,700,LH 4-303,6821600503-6821607532
2025-10-24,16:30-19:30,01999031-67,700,LH 4-304,6821607541-6821609306
2025-10-24,16:30-19:30,01101182-65,700,LH 4-104,6421607594-6721605589
2025-10-24,16:30-19:30,01101182-65,700,LH 4-301,6721605597-6721606330
2025-10-24,16:30-19:30,01101182-65,815,LH 4-305,6521651251-6721653320
2025-10-24,16:30-19:30,01101182-65,815,LH 4-306,6721653338-6721656434
2025-10-24,16:30-19:30,01101182-65,825,LH 4-503,6521651722-6721654334
2025-10-24,16:30-19:30,01101182-65,825,LH 4-502,6721654351-6721654954
2025-10-25,09:00-12:00,01355103-64,700,KH 80-202,
2025-10-25,09:00-12:00,01355103-64,701,KH 80-203,
2025-10-25,09:00-12:00,01355103-64,702,KH 80-205,
2025-10-25,09:00-12:00,01355103-64,703,KH 80-206,
2025-10-25,09:00-12:00,01355103-64,704,KH 80-207,
2025-10-25,09:00-12:00,01355103-64,705,KH 80-208,
2025-10-25,09:00-12:00,01355103-64,709,LH 3-301,
2025-10-25,09:00-12:00,01355103-64,710,LH 3-301,
2025-10-25,09:00-12:00,01355103-64,712,LH 3-302,
2025-10-25,09:00-12:00,01355103-64,713,LH 3-302,
2025-10-25,09:00-12:00,01355103-64,711,LH 3-303,
2025-10-25,09:00-12:00,01355103-64,714,LH 3-304,
2025-10-25,09:00-12:00,01355103-64,723,LH 3-305,
2025-10-25,09:00-12:00,01355103-64,815,LH 3-211,
2025-10-25,09:00-12:00,01355103-64,870,LH 3-211,
2025-10-25,09:00-12:00,01355103-64,845,LH 4-201,
2025-10-25,09:00-12:00,01355103-64,846,LH 4-201,
2025-10-25,09:00-12:00,01355103-64,855,LH 4-201,
2025-10-25,09:00-12:00,01355103-64,861,LH 4-202,
2025-10-25,09:00-12:00,01355103-64,867,LH 4-202,
2025-10-25,09:00-12:00,01355103-64,716,LH 4-305,
2025-10-25,09:00-12:00,01355103-64,707,LH 4-305,6621700661-6721700158
2025-10-25,09:00-12:00,01355103-64,707,LH 4-306,6721700166-6721701286
2025-10-25,09:00-12:00,01355103-64,724,LH 4-306,
2025-10-25,09:00-12:00,01355103-64,816,LH 2-201,
2025-10-25,09:00-12:00,01355103-64,825,LH 2-201,6421654207-6721654181
2025-10-25,09:00-12:00,01355103-64,825,LH 3-209,6721654199-6721654954
2025-10-25,09:00-12:00,01355103-64,708,LH 2-202,6621603061-6721604116
2025-10-25,09:00-12:00,01355103-64,719,LH 2-202,6621603061-6721604116
2025-10-25,09:00-12:00,01355103-64,719,LH 2-203,6721604132-6821608423
2025-10-25,09:00-12:00,01355103-64,866,LH 4-302,
2025-10-25,09:00-12:00,01355103-64,715,LH 2-301,
2025-10-25,09:00-12:00,01355103-64,720,LH 2-301,6520600857-6721603403
2025-10-25,09:00-12:00,01355103-64,720,LH 2-302,6721603926-6821608865
2025-10-25,09:00-12:00,01355103-64,717,LH 2-302,
2025-10-25,09:00-12:00,01355103-64,718,LH 2-303,
2025-10-25,09:00-12:00,01355103-64,721,LH 2-303,6421603505-6721604663
2025-10-25,09:00-12:00,01355103-64,721,LH 2-304,6721604671-6721605511
2025-10-25,09:00-12:00,01355103-64,722,LH 2-304,
2025-10-25,09:00-12:00,01355103-64,800,LH 2-204,
2025-10-25,09:00-12:00,01355103-64,706,LH 4-303,
2025-10-25,09:00-12:00,01355103-64,820,LH 4-303,6321650129-6721652102
2025-10-25,09:00-12:00,01355103-64,820,LH 2-205,6721652111-6821656398
2025-10-25,09:00-12:00,01355103-67,701,LH 4-304,
2025-10-25,09:00-12:00,01355103-67,871,LH 4-304,
2025-10-25,09:00-12:00,01355103-67,874,LH 3-210,
2025-10-25,09:00-12:00,01355103-67,855,LH 4-502,
2025-10-25,09:00-12:00,01355103-67,700,LH 4-503,
2025-10-25,09:00-12:00,01355103-67,856,LH 4-503,
2025-10-25,13:00-15:00,01355101-64,700,LH 3-301,
2025-10-25,13:00-15:00,01355101-64,701,LH 3-301,
2025-10-25,13:00-15:00,01355101-64,713,LH 3-302,
2025-10-25,13:00-15:00,01355101-64,821,LH 3-302,
2025-10-25,13:00-15:00,01355101-64,855,KH 80-202,
2025-10-25,13:00-15:00,01355101-64,703,KH 80-203,
2025-10-25,13:00-15:00,01355101-64,705,KH 80-206,
2025-10-25,13:00-15:00,01355101-64,707,KH 80-207,
2025-10-25,13:00-15:00,01355101-64,708,KH 80-208,
2025-10-25,13:00-15:00,01355101-64,706,LH 4-201,
2025-10-25,13:00-15:00,01355101-64,716,LH 4-202,
2025-10-25,13:00-15:00,01355101-64,717,LH 4-305,
2025-10-25,13:00-15:00,01355101-64,719,LH 4-306,
2025-10-25,13:00-15:00,01355101-64,720,LH 3-211,
2025-10-25,13:00-15:00,01355101-64,727,LH 2-301,
2025-10-25,13:00-15:00,01355101-64,845,LH 2-301,
2025-10-25,13:00-15:00,01355101-64,728,LH 2-302,
2025-10-25,13:00-15:00,01355101-64,846,LH 2-302,
2025-10-25,13:00-15:00,01355101-64,729,LH 2-303,
2025-10-25,13:00-15:00,01355101-64,800,LH 2-303,
2025-10-25,13:00-15:00,01355101-64,725,LH 2-304,
2025-10-25,13:00-15:00,01355101-64,726,LH 2-304,
2025-10-25,13:00-15:00,01355101-64,866,LH 3-303,
2025-10-25,13:00-15:00,01355101-64,714,LH 3-304,
2025-10-25,13:00-15:00,01355101-64,715,LH 3-305,
2025-10-25,13:00-15:00,01355101-64,816,LH 3-209,
2025-10-25,13:00-15:00,01355101-64,820,LH 3-210,
2025-10-25,13:00-15:00,01355101-64,723,LH 2-201,
2025-10-25,13:00-15:00,01355101-64,801,LH 2-201,
2025-10-25,13:00-15:00,01355101-64,815,LH 2-201,
2025-10-25,13:00-15:00,01355101-64,721,LH 2-202,
2025-10-25,13:00-15:00,01355101-64,722,LH 2-202,
2025-10-25,13:00-15:00,01355101-64,710,LH 4-301,
2025-10-25,13:00-15:00,01355101-64,711,LH 4-301,6720101056-6821605700
2025-10-25,13:00-15:00,01355101-64,711,LH 2-204,6821605718-6821700541
2025-10-25,13:00-15:00,01355101-64,712,LH 4-302,
2025-10-25,13:00-15:00,01355101-64,702,LH 4-303,
2025-10-25,13:00-15:00,01355101-64,826,LH 2-203,
2025-10-25,13:00-15:00,01355101-64,861,LH 4-502,
2025-10-25,13:00-15:00,01355101-64,825,LH 4-503,
2025-10-25,13:00-15:00,01355101-64,709,LH 4-304,
2025-10-25,13:00-15:00,01355101-64,704,LH 4-304,6720600079-6720600648
2025-10-25,13:00-15:00,01355101-64,704,KH 80-205,6720600656-6821601364
2025-10-25,13:00-15:00,01355203-64,815,LH 4-604,
2025-10-25,15:30-18:00,01355102-64,700,LH 4-201,
2025-10-25,15:30-18:00,01355102-64,861,LH 4-201,
2025-10-25,15:30-18:00,01355102-64,701,LH 4-202,
2025-10-25,15:30-18:00,01355102-64,825,LH 4-202,
2025-10-25,15:30-18:00,01355102-64,702,LH 4-305,
2025-10-25,15:30-18:00,01355102-64,800,LH 4-305,
2025-10-25,15:30-18:00,01355102-64,703,LH 4-306,
2025-10-25,15:30-18:00,01355102-64,706,LH 4-306,
2025-10-25,15:30-18:00,01355102-64,820,LH 4-306,
2025-10-25,15:30-18:00,01355102-64,845,LH 4-304,
2025-10-25,15:30-18:00,01355102-64,866,LH 4-304,
2025-10-25,15:30-18:00,01355102-64,707,LH 4-503,
2025-10-25,15:30-18:00,01355102-64,708,LH 3-301,
2025-10-25,15:30-18:00,01355102-64,815,LH 3-301,
2025-10-25,15:30-18:00,01355102-64,710,LH 3-211,
2025-10-25,15:30-18:00,01355102-64,873,LH 3-211,
2025-10-25,15:30-18:00,01355102-64,704,LH 4-502,
2025-10-25,15:30-18:00,01355102-64,705,LH 3-302,
2025-10-25,15:30-18:00,01355102-64,709,LH 3-302,
2025-10-26,09:00-11:00,02708102-67,700,LH 3-302,6420102898-6721602237
2025-10-26,09:00-11:00,02708102-67,700,LH 3-211,6721608774-6721700883
2025-10-26,09:00-11:00,02708102-67,700,LH 4-303,6721700891-6821500363
2025-10-26,09:00-11:00,02708102-67,700,LH 3-209,6821500371-6821500819
2025-10-26,09:00-11:00,02708102-67,701,LH 4-201,6821605769-6821606552
2025-10-26,09:00-11:00,02708102-67,701,LH 4-202,6821606561-6821608857
2025-10-26,09:00-11:00,02708102-67,701,LH 4-305,6821608865-6821809950
2025-10-26,09:00-11:00,02708102-67,701,LH 4-306,6821809968-6821810737
2025-10-26,09:00-11:00,02708102-67,702,LH 4-306,
2025-10-26,09:00-11:00,02708102-67,861,LH 3-210,
2025-10-26,09:00-11:00,02708102-67,866,LH 4-304,6821654972-6821655561
2025-10-26,09:00-11:00,02708102-67,866,LH 3-301,6821655570-6821656029
2025-10-26,09:00-11:00,02708102-67,825,LH 3-301,6821653941-6821654336
2025-10-26,09:00-11:00,02708102-67,825,LH 3-303,6821654344-6821654964
2025-10-26,09:00-11:00,02708102-67,878,LH 3-304,6821862354-6821863105
2025-10-26,09:00-11:00,02708102-67,878,LH 3-305,6821863113-6821863831
2025-10-26,09:00-11:00,01420115-66,711,LH 2-203,
2025-10-26,09:00-11:00,01420115-66,712,LH 2-203,
2025-10-26,09:00-11:00,01420115-66,713,LH 4-502,
2025-10-26,09:00-11:00,01420115-66,714,LH 4-502,
2025-10-26,09:00-11:00,01420115-66,715,LH 2-204,
2025-10-26,09:00-11:00,01420115-66,716,LH 2-204,
2025-10-26,09:00-11:00,01420115-66,717,LH 4-503,
2025-10-26,09:00-11:00,01420115-66,718,LH 4-503,
2025-10-26,13:00-16:00,01355209-67,700,LH 4-301,
2025-10-26,13:00-16:00,01355209-67,702,LH 4-302,
2025-10-26,13:00-16:00,01355209-67,856,LH 4-303,
2025-10-26,13:00-16:00,01355209-67,857,LH 4-304,
2025-10-26,13:00-16:00,01355209-67,859,LH 4-305,
2025-10-26,13:00-16:00,01355209-67,860,LH 4-306,
2025-10-26,13:00-16:00,01355209-67,872,LH 3-303,
2025-10-26,13:00-16:00,01355209-67,870,LH 3-304,
2025-10-26,13:00-16:00,01355209-67,701,LH 4-503,
2025-10-26,13:00-16:00,01355209-67,705,LH 3-301,
2025-10-26,13:00-16:00,01355209-67,858,LH 3-301,
2025-10-26,13:00-16:00,01355209-67,703,LH 3-209,
2025-10-26,13:00-16:00,01355209-64,700,LH 3-305,
2025-10-26,13:00-16:00,01355209-64,701,LH 3-305,
2025-10-26,13:00-16:00,01355209-64,855,LH 3-305,
2025-10-26,13:00-16:00,01355209-64,702,LH 3-302,
2025-10-26,13:00-16:00,01355209-64,703,LH 3-302,
2025-10-26,13:00-16:00,01355209-64,704,LH 3-302,
2025-10-26,13:00-16:00,01355209-64,705,LH 3-302,
2025-10-26,13:00-16:00,01355209-64,707,LH 3-302,
2025-10-26,13:00-16:00,01355209-64,825,LH 3-302,
2025-10-26,13:00-16:00,01355209-64,845,LH 3-302,
2025-10-26,13:00-16:00,01355209-64,706,LH 4-502,
2025-10-26,13:00-16:00,01355209-64,866,LH 4-502,
2025-10-27,09:00-11:00,01416312-65,711,LH 4-201,
2025-10-27,09:00-11:00,01416312-65,714,LH 4-201,
2025-10-27,09:00-11:00,01416312-65,715,LH 4-201,
2025-10-27,09:00-11:00,01416312-65,716,LH 4-201,
2025-10-27,09:00-11:00,01416312-65,721,LH 4-202,
2025-10-27,09:00-11:00,01416312-65,722,LH 4-202,
2025-10-27,09:00-11:00,01416312-65,725,LH 4-202,
2025-10-27,09:00-11:00,01416312-65,726,LH 4-202,
2025-10-27,09:00-11:00,01416312-65,727,LH 4-202,
2025-10-27,09:00-11:00,01416312-65,728,LH 4-202,
2025-10-27,09:00-11:00,01401351-66 (LECT),700,LH 4-304,6320101725-6621607563
2025-10-27,09:00-11:00,01401351-66 (LECT),700,LH 4-502,6621607571-6721609002
2025-10-27,09:00-11:00,01402311,700,LH 3-209,6420103436-6620103618
2025-10-27,09:00-11:00,01402311,700,LH 3-303,6621601875-6720102451
2025-10-27,09:00-11:00,01402311,701,LH 3-304,6520101401-6720103806
2025-10-27,09:00-11:00,01402311,701,LH 3-305,6720104080-6721608774
2025-10-27,09:00-12:00,01362201-67,701,LH 4-305,
2025-10-27,09:00-12:00,01362201-67,702,LH 4-305,
2025-10-27,09:00-12:00,01362201-67,809,LH 4-305,
2025-10-27,09:00-12:00,01362201-67,810,LH 4-305,
2025-10-27,09:00-12:00,01362201-67,700,LH 4-306,
2025-10-27,09:00-12:00,01362201-67,703,LH 4-306,
2025-10-27,13:00-15:00,02036211-61,701,LH 3-210,
2025-10-27,13:00-15:00,02036211-66,700,LH 3-301,6620101453-6720103091
2025-10-27,13:00-15:00,02036211-66,700,LH 3-302,6720103105-6720106198
2025-10-27,13:00-16:30,01424112-66,711,Dept,
2025-10-27,13:00-16:30,01424112-66,712,Dept,
2025-10-27,13:00-16:30,01424112-66,713,Dept,
2025-10-27,13:00-16:30,01424112-66,714,Dept,
2025-10-27,13:00-16:30,01424112-66,715,Dept,
2025-10-27,13:00-16:30,01424112-66,716,Dept,
2025-10-27,13:00-16:30,01424112-66,717,Dept,
2025-10-27,13:00-16:30,01424112-66,718,Dept,
2025-10-27,13:00-16:30,01424112-66,719,Dept,
2025-10-27,13:00-16:30,01424112-66,720,Dept,
2025-10-27,13:00-16:30,01424112-66,721,Dept,
2025-10-27,13:00-16:30,01424112-66,722,Dept,
2025-10-27,13:00-16:30,01424112-66,723,Dept,
2025-10-27,13:00-16:30,01424112-66,724,Dept,
2025-10-27,13:00-16:30,01424112-66,725,Dept,
2025-10-27,13:00-16:30,01424112-66,726,Dept,
2025-10-27,13:00-16:30,01424112-66,727,Dept,
2025-10-27,13:00-16:30,01424112-66,728,Dept,
2025-10-27,13:00-16:30,01424112-66,729,Dept,
2025-10-27,13:00-16:30,01424112-66,730,Dept,
2025-10-27,13:00-16:30,01424112-66,731,Dept,
2025-10-27,13:00-16:30,01424112-66,732,Dept,
2025-10-27,13:00-16:30,01424112-66,733,Dept,
2025-10-27,13:00-16:30,01424112-66,734,Dept,
2025-10-27,13:00-16:30,01424112-66,735,Dept,
2025-10-27,13:00-16:30,01424112-66,736,Dept,
2025-10-27,13:00-16:30,01424112-66,737,Dept,
2025-10-27,14:30-16:30,02036271-66,700,LH 4-304,6720100017-6820102666
2025-10-27,14:30-16:30,02036271-66,700,LH 4-305,6820102682-6820104731
2025-10-27,14:30-16:30,02036271-66,700,LH 4-306,6820104740-6820106084
2025-10-27,14:30-16:30,01401351-66 (LAB),711,LH 3-303,
2025-10-27,14:30-16:30,01401351-66 (LAB),713,LH 3-303,
2025-10-27,14:30-16:30,01401351-66 (LAB),712,LH 3-304,
2025-10-27,14:30-16:30,01401351-66 (LAB),714,LH 3-304,
2025-10-27,17:00-19:30,01999041-67,700,LH 4-305,
2025-10-27,17:00-19:30,01999041-67,701,LH 4-201,6121607874-6821802751
2025-10-27,17:00-19:30,01999041-67,701,LH 4-202,6821802769-6821803536
2025-10-27,17:00-19:30,01999041-67,701,LH 4-306,6821803544-6821804338
2025-10-27,17:00-19:30,01999041-67,702,LH 3-301,6120103686-6821600066
2025-10-27,17:00-19:30,01999041-67,702,LH 3-302,6821600074-6821600864
2025-10-27,17:00-19:30,01999041-67,702,LH 3-211,6821600872-6821605343
2025-10-27,17:00-19:30,01999041-67,702,LH 3-210,6821605351-6821609306
2025-10-28,09:00-11:00,01424111-66,700,LH 3-303,6620101216-6820100817
2025-10-28,09:00-11:00,01424111-66,700,LH 3-304,6820100825-6820101481
2025-10-28,09:00-11:00,01424111-66,700,LH 3-305,6820101490-6820603924
2025-10-28,09:00-11:00,01424111-66,701,LH 3-301,6720102737-6820600381
2025-10-28,09:00-11:00,01424111-66,701,LH 3-302,6820600399-6821602000
2025-10-28,09:00-11:00,01424111-66,701,LH 3-211,6821602018-6821607231
2025-10-28,09:00-11:00,01424111-66,702,LH 4-306,6620602665-6820102950
2025-10-28,09:00-11:00,01424111-66,702,LH 4-201,6820102968-6820104120
2025-10-28,09:00-11:00,01424111-66,702,LH 4-202,6820104138-6820105894
2025-10-28,09:00-12:00,01358101-67,700,LH 4-304,
2025-10-28,09:00-12:00,01358101-67,701,LH 4-304,
2025-10-28,09:00-12:00,01358101-67,702,LH 4-305,
2025-10-28,09:00-12:00,01358101-67,809,LH 4-305,
2025-10-28,13:00-15:00,01403114-65,711,LH 4-101,
2025-10-28,13:00-15:00,01403114-65,712,LH 4-101,
2025-10-28,13:00-15:00,01403114-65,713,LH 4-102,
2025-10-28,13:00-15:00,01403114-65,715,LH 4-102,
2025-10-28,13:00-15:00,01403114-65,714,LH 4-103,
2025-10-28,13:00-15:00,01403114-65,716,LH 4-103,
2025-10-28,13:00-15:00,01403114-65,718,LH 4-201,
2025-10-28,13:00-15:00,01403114-65,719,LH 4-201,
2025-10-28,13:00-15:00,01403114-65,717,LH 4-104,
2025-10-28,13:00-15:00,01403114-65,720,LH 4-104,
2025-10-28,13:00-15:00,01403114-65,723,LH 4-301,
2025-10-28,13:00-15:00,01403114-65,848,LH 4-301,
2025-10-28,13:00-15:00,01403114-65,722,LH 4-302,
2025-10-28,13:00-15:00,01403114-65,847,LH 4-302,
2025-10-28,13:00-15:00,01403114-65,721,LH 4-202,
2025-10-28,13:00-15:00,01403114-65,849,LH 4-202,
2025-10-28,13:00-15:00,02036311-66,700,LH 3-301,
2025-10-28,13:00-16:00,01419211-65,700,LH 2-301,6320100974-6720100815
2025-10-28,13:00-16:00,01419211-65,700,LH 2-302,6720100823-6720101641
2025-10-28,13:00-16:00,01419211-65,700,LH 2-201,6720101650-6720104829
2025-10-28,13:00-16:00,01419211-65,700,LH 2-203,6720104845-6720603795
2025-10-28,13:00-16:00,01419211-65,701,LH 2-303,6420101808-6720102249
2025-10-28,13:00-16:00,01419211-65,701,LH 2-304,6720102257-6721604850
2025-10-28,13:00-16:00,01419211-65,701,LH 2-202,6721604868-6721605538
2025-10-28,16:30-18:30,02036231-66,700,LH 3-303,6520102164-6820103042
2025-10-28,16:30-18:30,02036231-66,700,LH 3-304,6820103051-6820104171
2025-10-28,16:30-18:30,02036231-66,700,LH 3-305,6820104189-6820105894
2025-10-28,16:30-18:30,02714101-67,700,LH 2-301,6420100577-6620200745
2025-10-28,16:30-18:30,02714101-67,700,LH 2-302,6620200788-6620601553
2025-10-28,16:30-18:30,02714101-67,700,LH 2-303,6620601561-6720101676
2025-10-28,16:30-18:30,02714101-67,700,LH 2-304,6720101684-6820603924
2025-10-28,16:30-18:30,02714101-67,701,LH 3-301,6320501324-6720100246
2025-10-28,16:30-18:30,02714101-67,701,LH 3-302,6720100271-6721604523
2025-10-28,16:30-18:30,02714101-67,815,LH 3-211,6521651293-6721653770
2025-10-28,16:30-18:30,02714101-67,815,LH 3-209,6721653796-6721656434
2025-10-28,16:30-19:30,01134111-65,700,LH 4-201,
2025-10-28,16:30-19:30,01134111-65,825,LH 4-502,6821653941-6821654450
2025-10-28,16:30-19:30,01134111-65,825,LH 4-503,6821654468-6821654964
2025-10-28,16:30-19:30,01134111-65,826,LH 4-503,
2025-10-28,16:30-19:30,01420118-66,700,LH 3-210,
2025-10-29,10:00-12:00,01371111-67,700,LH 3-303,6420503558-6820101724
2025-10-29,10:00-12:00,01371111-67,700,LH 3-304,6820101732-6820106084
2025-10-29,10:00-12:00,01371111-67,701,LH 4-201,6520500925-6621604807
2025-10-29,10:00-12:00,01371111-67,701,LH 4-202,6621604815-6821500819
2025-10-29,10:00-12:00,01371111-67,702,LH 4-104,
2025-10-29,10:00-12:00,01371111-67,845,LH 4-104,
2025-10-29,10:00-12:00,01371111-67,703,LH 4-305,6420503264-6821600732
2025-10-29,10:00-12:00,01371111-67,703,LH 4-306,6821600741-6821803269
2025-10-29,10:00-12:00,01371111-67,703,LH 4-502,6821803277-6821804036
2025-10-29,10:00-12:00,01371111-67,704,LH 3-211,6520501042-6821603154
2025-10-29,10:00-12:00,01371111-67,704,LH 4-503,6821603162-6821609331
2025-10-29,10:00-12:00,01371111-67,705,LH 4-101,6621801858-6820200625
2025-10-29,10:00-12:00,01371111-67,705,LH 4-102,6820200633-6821601691
2025-10-29,10:00-12:00,01371111-67,705,LH 4-103,6821601704-6821602361
2025-10-29,10:00-12:00,01371111-67,706,LH 3-301,6721600951-6820500807
2025-10-29,10:00-12:00,01371111-67,706,LH 3-302,6820500815-6821804338
2025-10-29,10:00-12:00,01371111-67,707,LH 4-301,6321602990-6820103921
2025-10-29,10:00-12:00,01371111-67,707,LH 4-303,6820104081-6820106076
2025-10-29,10:00-12:00,01371111-67,800,LH 4-304,
2025-10-29,10:00-12:00,01371111-67,809,LH 2-301,6621653158-6821650861
2025-10-29,10:00-12:00,01371111-67,809,LH 2-302,6821650870-6821656240
2025-10-29,10:00-12:00,01371111-67,820,LH 2-302,
2025-10-29,10:00-12:00,01371111-67,855,LH 2-302,
2025-10-29,10:00-12:00,01371111-67,882,LH 2-201,6721850478-6821854483
2025-10-29,10:00-12:00,01371111-67,882,LH 2-202,6821854491-6821855170
2025-10-29,10:00-12:00,01371111-67,872,LH 2-202,
2025-10-29,13:00-14:30,02036111-66,700,LH 4-201,6820100493-6820101287
2025-10-29,13:00-14:30,02036111-66,700,LH 4-202,6820101295-6820102712
2025-10-29,13:00-14:30,02036111-66,700,LH 4-305,6820102721-6820104006
2025-10-29,13:00-14:30,02036111-66,700,LH 4-306,6820104014-6820105592
2025-10-29,13:00-15:00,02036411-66,700,LH 4-502,6420104629-6520102814
2025-10-29,13:00-15:00,02036411-66,700,LH 4-503,6520102881-6820105959
2025-10-29,13:00-15:30,01403221-60,701,LH 3-303,
2025-10-29,13:00-15:30,01403227-65,700,LH 3-303,
2025-10-29,13:00-16:00,01403221-65,700,LH 3-304,6720102451-6721602831
2025-10-29,13:00-16:00,01403221-65,700,LH 3-305,6721602849-6721608812
2025-10-29,14:00-16:00,03752111-67,700,LH 4-303,6520200018-6620200249
2025-10-29,14:00-16:00,03752111-67,700,LH 4-304,6620200257-6821609471
2025-10-29,14:00-16:00,01999012-67,700,LH 3-301,
2025-10-29,14:00-16:00,01999012-67,701,LH 4-101,6220502400-6721802104
2025-10-29,14:00-16:00,01999012-67,701,LH 4-102,6721802198-6820603061
2025-10-29,14:00-16:00,01999012-67,890,LH 3-302,6321652261-6621853157
2025-10-29,14:00-16:00,01999012-67,890,LH 3-211,6720550012-6721857456
2025-10-29,14:00-16:00,02036261-66,700,LH 4-103,6420102111-6720102168
2025-10-29,14:00-16:00,02036261-66,700,LH 4-104,6720102184-6720104136
2025-10-29,14:00-16:00,02036261-66,700,LH 4-301,6720104144-6820000120
2025-10-30,10:00-12:00,01420113-66,711,LH 2-301,
2025-10-30,10:00-12:00,01420113-66,712,LH 2-301,
2025-10-30,10:00-12:00,01420113-66,713,LH 2-301,
2025-10-30,10:00-12:00,01420113-66,714,LH 2-302,
2025-10-30,10:00-12:00,01420113-66,715,LH 2-302,
2025-10-30,10:00-12:00,01420113-66,716,LH 2-302,
2025-10-30,10:00-12:00,01420113-66,717,LH 2-303,
2025-10-30,10:00-12:00,01420113-66,718,LH 2-303,
2025-10-30,10:00-12:00,01420113-66,719,LH 2-303,
2025-10-30,10:00-12:00,01420113-66,720,LH 2-304,
2025-10-30,10:00-12:00,01420113-66,721,LH 2-304,
2025-10-30,10:00-12:00,01420113-66,722,LH 2-304,
2025-10-30,10:00-12:00,01420113-66,723,LH 3-301,
2025-10-30,10:00-12:00,01420113-66,724,LH 3-301,
2025-10-30,10:00-12:00,01420113-66,725,LH 3-301,
2025-10-30,10:00-12:00,01420113-66,726,LH 3-211,
2025-10-30,10:00-12:00,01420113-66,727,LH 3-211,
2025-10-30,10:00-12:00,01420113-66,728,LH 3-211,
2025-10-30,10:00-12:00,01420113-66,729,LH 3-302,
2025-10-30,10:00-12:00,01420113-66,730,LH 3-302,
2025-10-30,10:00-12:00,01420113-66,732,LH 3-302,
2025-10-30,10:00-12:00,01420113-66,731,LH 4-201,
2025-10-30,10:00-12:00,01420113-66,733,LH 4-201,
2025-10-30,10:00-12:00,01420113-66,734,LH 4-201,
2025-10-30,10:00-12:00,01420113-66,847,LH 4-202,
2025-10-30,10:00-12:00,01420113-66,848,LH 4-202,
2025-10-30,10:00-12:00,01420113-66,849,LH 4-202,
2025-10-30,13:00-15:00,02999042-67,700,LH 3-303,
2025-10-30,13:00-15:00,02701011-67,700,LH 3-304,6520100013-6720601199
2025-10-30,13:00-15:00,02701011-67,700,LH 3-209,6720601229-6720603868
2025-10-30,13:00-15:00,02701011-67,701,LH 3-301,6821700010-6821700834
2025-10-30,13:00-15:00,02701011-67,701,LH 3-210,6821700842-6821701288
2025-10-30,13:00-15:00,02701011-67,702,LH 3-302,6420100453-6821500185
2025-10-30,13:00-15:00,02701011-67,702,LH 3-211,6821500193-6821500819
2025-10-30,13:00-15:00,02701011-67,845,LH 3-305,
2025-10-30,13:00-15:00,02701011-67,861,LH 3-305,
2025-10-30,17:00-19:00,02721121-67,700,LH 2-301,6520100552-6720104446
2025-10-30,17:00-19:00,02721121-67,700,LH 2-201,6720104462-6721609002
2025-10-30,17:00-19:00,02721121-67,701,LH 2-202,6321602990-6720103539
2025-10-30,17:00-19:00,02721121-67,701,LH 2-302,6720104268-6721700336
2025-10-30,17:00-19:00,02721121-67,701,LH 2-303,6721700344-6721701286
2025-10-30,17:00-19:00,02721121-67,702,LH 3-304,6520100048-6821800812
2025-10-30,17:00-19:00,02721121-67,702,LH 3-301,6821800821-6821801762
2025-10-30,17:00-19:00,02721121-67,702,LH 3-302,6821801771-6821807787
2025-10-30,17:00-19:00,02721121-67,702,LH 3-211,6821807795-6821808767
2025-10-30,17:00-19:00,02721121-67,800,LH 4-305,
2025-10-30,17:00-19:00,02721121-67,820,LH 4-201,
2025-10-30,17:00-19:00,02721121-67,861,LH 3-210,
2025-10-30,17:00-19:00,02721121-67,870,LH 3-303,6821850020-6821850691
2025-10-30,17:00-19:00,02721121-67,870,LH 3-304,6821850704-6821851379
2025-10-30,17:00-19:00,02721121-67,870,LH 3-305,6821851387-6821852090
2025-10-30,17:00-19:00,02721121-67,872,LH 4-202,6821852103-6821852871
2025-10-30,17:00-19:00,02721121-67,872,LH 4-306,6821852880-6821853614
2025-10-31,09:00-11:30,01403221-60,701,LH 4-201,
2025-10-31,09:00-11:30,01403227-65,700,LH 4-201,
2025-10-31,13:00-16:00,02724011-67,700,LH 4-201,6721806843-6821806250
2025-10-31,13:00-16:00,02724011-67,700,LH 4-202,6821806268-6821806985
2025-10-31,13:00-16:00,02724011-67,700,LH 4-306,6821806993-6821807728
2025-10-31,13:00-16:00,02724011-67,855,LH 3-301,6721853248-6821857946
2025-10-31,13:00-16:00,02724011-67,855,LH 3-302,6821857962-6821859736
2025-10-31,13:00-16:00,02724011-67,855,LH 2-301,6821859761-6821861447
2025-10-31,13:00-16:00,02724011-67,856,LH 2-302,6721858550-6821858012
2025-10-31,13:00-16:00,02724011-67,856,LH 2-303,6821858039-6821859680
2025-10-31,13:00-16:00,02724011-67,856,LH 2-304,6821859701-6821861455
2025-10-31,13:00-16:00,02724011-67,857,LH 3-303,6721852942-6721856000
2025-10-31,13:00-16:00,02724011-67,857,LH 3-304,6721857057-6721857804
2025-10-31,13:00-16:00,02724011-67,857,LH 3-305,6721857839-6721858657
